Title,Funder,Program Area,Career Stage,Description,Deadline,URL,Scraped Date
Open Calls,Sloan Foundation,,,Apply  For Grantees Contact Grants Database,,https://sloan.org/grants/open-calls,2026-04-30
For Grantees,Sloan Foundation,,,Apply Open Calls  Contact Grants Database,,https://sloan.org/grants/grantees,2026-04-30
Research,Sloan Foundation,,,Click to expand this navigation menu  Economics Energy and Environment History of Science and Technology Matter-to-Life Sloan Digital Sky Survey Small-Scale Fundamental Physics,,https://sloan.org/programs/research,2026-04-30
Economics,Sloan Foundation,,,Energy and Environment History of Science and Technology Matter-to-Life Sloan Digital Sky Survey Small-Scale Fundamental Physics,,https://sloan.org/programs/research/economics,2026-04-30
Energy and Environment,Sloan Foundation,,,Economics  History of Science and Technology Matter-to-Life Sloan Digital Sky Survey Small-Scale Fundamental Physics,,https://sloan.org/programs/research/energy-and-environment,2026-04-30
History of Science and Technology,Sloan Foundation,,,Economics Energy and Environment  Matter-to-Life Sloan Digital Sky Survey Small-Scale Fundamental Physics,,https://sloan.org/programs/research/history-of-science-and-tech,2026-04-30
Matter-to-Life,Sloan Foundation,,,Economics Energy and Environment History of Science and Technology  Sloan Digital Sky Survey Small-Scale Fundamental Physics,,https://sloan.org/programs/research/matter-to-life,2026-04-30
Sloan Digital Sky Survey,Sloan Foundation,,,Economics Energy and Environment History of Science and Technology Matter-to-Life  Small-Scale Fundamental Physics,,https://sloan.org/programs/research/sloan-digital-sky-survey,2026-04-30
Small-Scale Fundamental Physics,Sloan Foundation,,,Economics Energy and Environment History of Science and Technology Matter-to-Life Sloan Digital Sky Survey,,https://sloan.org/programs/research/small-scale-fundamental-physics,2026-04-30
Higher Education,Sloan Foundation,,,Click to expand this navigation menu Research Economics Energy and Environment History of Science and Technology Matter-to-Life Sloan Digital Sky Survey Small-Scale Fundamental Physics  Click to expand this navigation menu Technology Exploratory Grantmaking in Technology Open Source in Science Scien,,https://sloan.org/programs/higher-education,2026-04-30
Technology,Sloan Foundation,,,Click to expand this navigation menu  Exploratory Grantmaking in  Open Source in Science Scientific Collaboration,,https://sloan.org/programs/digital-technology,2026-04-30
Exploratory Grantmaking in Technology,Sloan Foundation,,,Open Source in Science Scientific Collaboration,,https://sloan.org/programs/digital-technology/exploratory-grantmaking-in-technology,2026-04-30
Open Source in Science,Sloan Foundation,,,Exploratory Grantmaking in Technology  Scientific Collaboration,,https://sloan.org/programs/digital-technology/open-source-in-science,2026-04-30
Scientific Collaboration,Sloan Foundation,,,Exploratory Grantmaking in Technology Open Source in Science,,https://sloan.org/programs/digital-technology/scientific-collaboration,2026-04-30
Public Understanding,Sloan Foundation,,,Click to expand this navigation menu  Books Film New Media Radio Special Initiatives Television Theater YouTube and TikTok,,https://sloan.org/programs/public-understanding,2026-04-30
New Media,Sloan Foundation,,,Books Film  Radio Special Initiatives Television Theater YouTube and TikTok,,https://sloan.org/programs/public-understanding/new-media,2026-04-30
Special Initiatives,Sloan Foundation,,,Books Film New Media Radio  Television Theater YouTube and TikTok,,https://sloan.org/programs/public-understanding/special-initiatives,2026-04-30
Television,Sloan Foundation,,,Books Film New Media Radio Special Initiatives  Theater YouTube and TikTok,,https://sloan.org/programs/public-understanding/television,2026-04-30
YouTube and TikTok,Sloan Foundation,,,Books Film New Media Radio Special Initiatives Television Theater,,https://sloan.org/programs/public-understanding/youtube-and-tiktok,2026-04-30
New York City Program,Sloan Foundation,,,Click to expand this navigation menu Research Economics Energy and Environment History of Science and Technology Matter-to-Life Sloan Digital Sky Survey Small-Scale Fundamental Physics Higher Education Click to expand this navigation menu Technology Exploratory Grantmaking in Technology Open Source ,,https://sloan.org/programs/new-york-city-program,2026-04-30
Completed Programs,Sloan Foundation,,,"Click to expand this navigation menu  Anytime, Anyplace Learning Barcode of Life Better Software for Science Biosecurity Census of Marine Life Chemistry of Indoor Environments Data & Computational Research Deep Carbon Observatory Encyclopedia of Life Industry Studies Information about Careers in Sci",,https://sloan.org/programs/completed-programs,2026-04-30
"Anytime, Anyplace Learning",Sloan Foundation,,,Barcode of Life Better Software for Science Biosecurity Census of Marine Life Chemistry of Indoor Environments Data & Computational Research Deep Carbon Observatory Encyclopedia of Life Industry Studies Information about Careers in Science and Technology Making Municipal Governments More Responsive ,,https://sloan.org/programs/completed-programs/anytime-anyplace-learning,2026-04-30
Barcode of Life,Sloan Foundation,,,"Anytime, Anyplace Learning  Better Software for Science Biosecurity Census of Marine Life Chemistry of Indoor Environments Data & Computational Research Deep Carbon Observatory Encyclopedia of Life Industry Studies Information about Careers in Science and Technology Making Municipal Governments More",,https://sloan.org/programs/completed-programs/barcode-of-life,2026-04-30
Better Software for Science,Sloan Foundation,,,"Anytime, Anyplace Learning Barcode of Life  Biosecurity Census of Marine Life Chemistry of Indoor Environments Data & Computational Research Deep Carbon Observatory Encyclopedia of Life Industry Studies Information about Careers in Science and Technology Making Municipal Governments More Responsive ",,https://sloan.org/programs/digital-technology/better-software-for-science,2026-04-30
Biosecurity,Sloan Foundation,,,"Anytime, Anyplace Learning Barcode of Life Better Software for Science  Census of Marine Life Chemistry of Indoor Environments Data & Computational Research Deep Carbon Observatory Encyclopedia of Life Industry Studies Information about Careers in Science and Technology Making Municipal Governments ",,https://sloan.org/programs/completed-programs/biosecurity,2026-04-30
Census of Marine Life,Sloan Foundation,,,"Anytime, Anyplace Learning Barcode of Life Better Software for Science Biosecurity  Chemistry of Indoor Environments Data & Computational Research Deep Carbon Observatory Encyclopedia of Life Industry Studies Information about Careers in Science and Technology Making Municipal Governments More Respo",,https://sloan.org/programs/completed-programs/census-of-marine-life,2026-04-30
Chemistry of Indoor Environments,Sloan Foundation,,,"Anytime, Anyplace Learning Barcode of Life Better Software for Science Biosecurity Census of Marine Life  Data & Computational Research Deep Carbon Observatory Encyclopedia of Life Industry Studies Information about Careers in Science and Technology Making Municipal Governments More Responsive Micro",,https://sloan.org/programs/completed-programs/chemistry-of-indoor-environments,2026-04-30
Data & Computational Research,Sloan Foundation,,,"Anytime, Anyplace Learning Barcode of Life Better Software for Science Biosecurity Census of Marine Life Chemistry of Indoor Environments  Deep Carbon Observatory Encyclopedia of Life Industry Studies Information about Careers in Science and Technology Making Municipal Governments More Responsive Mi",,https://sloan.org/programs/completed-programs/data-and-computational-research,2026-04-30
Deep Carbon Observatory,Sloan Foundation,,,"Anytime, Anyplace Learning Barcode of Life Better Software for Science Biosecurity Census of Marine Life Chemistry of Indoor Environments Data & Computational Research  Encyclopedia of Life Industry Studies Information about Careers in Science and Technology Making Municipal Governments More Respons",,https://sloan.org/programs/completed-programs/deep-carbon-observatory,2026-04-30
Encyclopedia of Life,Sloan Foundation,,,"Anytime, Anyplace Learning Barcode of Life Better Software for Science Biosecurity Census of Marine Life Chemistry of Indoor Environments Data & Computational Research Deep Carbon Observatory  Industry Studies Information about Careers in Science and Technology Making Municipal Governments More Resp",,https://sloan.org/programs/completed-programs/encyclopedia-of-life,2026-04-30
Industry Studies,Sloan Foundation,,,"Anytime, Anyplace Learning Barcode of Life Better Software for Science Biosecurity Census of Marine Life Chemistry of Indoor Environments Data & Computational Research Deep Carbon Observatory Encyclopedia of Life  Information about Careers in Science and Technology Making Municipal Governments More ",,https://sloan.org/programs/completed-programs/industry-studies,2026-04-30
Information about Careers in Science and Technology,Sloan Foundation,,,"Anytime, Anyplace Learning Barcode of Life Better Software for Science Biosecurity Census of Marine Life Chemistry of Indoor Environments Data & Computational Research Deep Carbon Observatory Encyclopedia of Life Industry Studies  Making Municipal Governments More Responsive Microbiology of the Buil",,https://sloan.org/programs/completed-programs/information-about-careers-in-science-and-technology,2026-04-30
Making Municipal Governments More Responsive,Sloan Foundation,,,"Anytime, Anyplace Learning Barcode of Life Better Software for Science Biosecurity Census of Marine Life Chemistry of Indoor Environments Data & Computational Research Deep Carbon Observatory Encyclopedia of Life Industry Studies Information about Careers in Science and Technology  Microbiology of t",,https://sloan.org/programs/completed-programs/municipal-governments,2026-04-30
Microbiology of the Built Environment,Sloan Foundation,,,"Anytime, Anyplace Learning Barcode of Life Better Software for Science Biosecurity Census of Marine Life Chemistry of Indoor Environments Data & Computational Research Deep Carbon Observatory Encyclopedia of Life Industry Studies Information about Careers in Science and Technology Making Municipal G",,https://sloan.org/programs/completed-programs/microbiology-of-the-built-environment,2026-04-30
Outsourcing,Sloan Foundation,,,"Anytime, Anyplace Learning Barcode of Life Better Software for Science Biosecurity Census of Marine Life Chemistry of Indoor Environments Data & Computational Research Deep Carbon Observatory Encyclopedia of Life Industry Studies Information about Careers in Science and Technology Making Municipal G",,https://sloan.org/programs/completed-programs/outsourcing,2026-04-30
Professional Science Master's Degree,Sloan Foundation,,,"Anytime, Anyplace Learning Barcode of Life Better Software for Science Biosecurity Census of Marine Life Chemistry of Indoor Environments Data & Computational Research Deep Carbon Observatory Encyclopedia of Life Industry Studies Information about Careers in Science and Technology Making Municipal G",,https://sloan.org/programs/completed-programs/professional-science-masters-degree,2026-04-30
Scholarly Communication,Sloan Foundation,,,"Anytime, Anyplace Learning Barcode of Life Better Software for Science Biosecurity Census of Marine Life Chemistry of Indoor Environments Data & Computational Research Deep Carbon Observatory Encyclopedia of Life Industry Studies Information about Careers in Science and Technology Making Municipal G",,https://sloan.org/programs/completed-programs/scholarly-communication,2026-04-30
Synthetic Biology,Sloan Foundation,,,"Anytime, Anyplace Learning Barcode of Life Better Software for Science Biosecurity Census of Marine Life Chemistry of Indoor Environments Data & Computational Research Deep Carbon Observatory Encyclopedia of Life Industry Studies Information about Careers in Science and Technology Making Municipal G",,https://sloan.org/programs/completed-programs/synthetic-biology,2026-04-30
Universal Access to Knowledge,Sloan Foundation,,,"Anytime, Anyplace Learning Barcode of Life Better Software for Science Biosecurity Census of Marine Life Chemistry of Indoor Environments Data & Computational Research Deep Carbon Observatory Encyclopedia of Life Industry Studies Information about Careers in Science and Technology Making Municipal G",,https://sloan.org/programs/completed-programs/universal-access-to-knowledge,2026-04-30
Working Longer,Sloan Foundation,,,"Anytime, Anyplace Learning Barcode of Life Better Software for Science Biosecurity Census of Marine Life Chemistry of Indoor Environments Data & Computational Research Deep Carbon Observatory Encyclopedia of Life Industry Studies Information about Careers in Science and Technology Making Municipal G",,https://sloan.org/programs/completed-programs/working-longer,2026-04-30
"Workplace, Workforce, and Working Families",Sloan Foundation,,,"Anytime, Anyplace Learning Barcode of Life Better Software for Science Biosecurity Census of Marine Life Chemistry of Indoor Environments Data & Computational Research Deep Carbon Observatory Encyclopedia of Life Industry Studies Information about Careers in Science and Technology Making Municipal G",,https://sloan.org/programs/completed-programs/workplace-workforce-working-families,2026-04-30
grant application process,Sloan Foundation,,,"The Alfred P. Sloan Foundation accepts and evaluates requests for funding throughout the year through our  . In addition, the Foundation occasionally issues calls for grant proposals or letters of inquiry on specific topics or issues to be submitted by a pre-announced submission date.",,https://sloan.org/grants/apply,2026-04-30
https://sloan.org/programs/research/economics/call-for-letters-of-inquiry-economics-research-on-the-returns-to-rd-investment,Sloan Foundation,,,"Call for: Letters of Inquiry Deadline: April 30, 2026 Summary : Grants available for studies that will provide key empirical insight into the social and economic returns to investment in research and development. Solicited as part of the first iteration of the Pop-Up Journal Initiative , focused on ","April 30, 2026",https://sloan.org/programs/research/economics/call-for-letters-of-inquiry-economics-research-on-the-returns-to-rd-investment,2026-04-30
https://sloan.org/programs/higher-education/exemplary-pathways/call-for-letters-of-inquiry-exemplary-pathways-to-stem-graduate-education,Sloan Foundation,,,"Call for: Letters of Inquiry Deadline: June 1, 2026 Summary: Grants up to $500,000 will be awarded to U.S. higher education institutions and organizations working in partnership to advance access and opportunity in STEM graduate education. Link:","June 1, 2026",https://sloan.org/programs/higher-education/exemplary-pathways/call-for-letters-of-inquiry-exemplary-pathways-to-stem-graduate-education,2026-04-30
